,Loan_ID,Gender,Married,Dependents,Education,Self_Employed,ApplicantIncome,CoapplicantIncome,LoanAmount,Loan_Amount_Term,Credit_History,Property_Area,Loan_Status
0,LP001003,Male,Yes,1,Graduate,No,4583,1508,128,360,1,Rural,N
1,LP001005,Male,Yes,0,Graduate,Yes,3000,0,66,360,1,Urban,Y
2,LP001006,Male,Yes,0,Not Graduate,No,2583,2358,120,360,1,Urban,Y
3,LP001008,Male,No,0,Graduate,No,6000,0,141,360,1,Urban,Y
4,LP001011,Male,Yes,2,Graduate,Yes,5417,4196,267,360,1,Urban,Y
5,LP001013,Male,Yes,0,Not Graduate,No,2333,1516,95,360,1,Urban,Y
6,LP001018,Male,Yes,2,Graduate,No,4006,1526,168,360,1,Urban,Y
7,LP001020,Male,Yes,1,Graduate,No,12841,10968,349,360,1,Semiurban,N
8,LP001024,Male,Yes,2,Graduate,No,3200,700,70,360,1,Urban,Y
9,LP001027,Male,Yes,2,Graduate,,2500,1840,109,360,1,Urban,Y
10,LP001028,Male,Yes,2,Graduate,No,3073,8106,200,360,1,Urban,Y
11,LP001029,Male,No,0,Graduate,No,1853,2840,114,360,1,Rural,N
12,LP001030,Male,Yes,2,Graduate,No,1299,1086,17,120,1,Urban,Y
13,LP001032,Male,No,0,Graduate,No,4950,0,125,360,1,Urban,Y
14,LP001036,Female,No,0,Graduate,No,3510,0,76,360,0,Urban,N
15,LP001038,Male,Yes,0,Not Graduate,No,4887,0,133,360,1,Rural,N
16,LP001043,Male,Yes,0,Not Graduate,No,7660,0,104,360,0,Urban,N
17,LP001046,Male,Yes,1,Graduate,No,5955,5625,315,360,1,Urban,Y
18,LP001047,Male,Yes,0,Not Graduate,No,2600,1911,116,360,0,Semiurban,N
19,LP001050,Not define,Yes,2,Not Graduate,No,3365,1917,112,360,0,Rural,N
20,LP001066,Male,Yes,0,Graduate,Yes,9560,0,191,360,1,Semiurban,Y
21,LP001068,Male,Yes,0,Graduate,No,2799,2253,122,360,1,Semiurban,Y
22,LP001073,Male,Yes,2,Not Graduate,No,4226,1040,110,360,1,Urban,Y
23,LP001086,Male,No,0,Not Graduate,No,1442,0,35,360,1,Urban,N
24,LP001087,Female,No,2,Graduate,,3750,2083,120,360,1,Semiurban,Y
25,LP001095,Male,No,0,Graduate,No,3167,0,74,360,1,Urban,N
26,LP001097,Male,No,1,Graduate,Yes,4692,0,106,360,1,Rural,N
27,LP001098,Male,Yes,0,Graduate,No,3500,1667,114,360,1,Semiurban,Y
28,LP001112,Female,Yes,0,Graduate,No,3667,1459,144,360,1,Semiurban,Y
29,LP001114,Male,No,0,Graduate,No,4166,7210,184,360,1,Urban,Y
30,LP001116,Male,No,0,Not Graduate,No,3748,1668,110,360,1,Semiurban,Y
31,LP001119,Male,No,0,Graduate,No,3600,0,80,360,1,Urban,N
32,LP001120,Male,No,0,Graduate,No,1800,1213,47,360,1,Urban,Y
33,LP001131,Male,Yes,0,Graduate,No,3941,2336,134,360,1,Semiurban,Y
34,LP001138,Male,Yes,1,Graduate,No,5649,0,44,360,1,Urban,Y
35,LP001144,Male,Yes,0,Graduate,No,5821,0,144,360,1,Urban,Y
36,LP001146,Female,Yes,0,Graduate,No,2645,3440,120,360,0,Urban,N
37,LP001151,Female,No,0,Graduate,No,4000,2275,144,360,1,Semiurban,Y
38,LP001155,Female,Yes,0,Not Graduate,No,1928,1644,100,360,1,Semiurban,Y
39,LP001157,Female,No,0,Graduate,No,3086,0,120,360,1,Semiurban,Y
40,LP001164,Female,No,0,Graduate,No,4230,0,112,360,1,Semiurban,N
41,LP001179,Male,Yes,2,Graduate,No,4616,0,134,360,1,Urban,N
42,LP001186,Female,Yes,1,Graduate,Yes,11500,0,286,360,0,Urban,N
43,LP001194,Male,Yes,2,Graduate,No,2708,1167,97,360,1,Semiurban,Y
44,LP001195,Male,Yes,0,Graduate,No,2132,1591,96,360,1,Semiurban,Y
45,LP001197,Male,Yes,0,Graduate,No,3366,2200,135,360,1,Rural,N
46,LP001198,Male,Yes,1,Graduate,No,8080,2250,180,360,1,Urban,Y
47,LP001199,Male,Yes,2,Not Graduate,No,3357,2859,144,360,1,Urban,Y
48,LP001205,Male,Yes,0,Graduate,No,2500,3796,120,360,1,Urban,Y
49,LP001207,Male,Yes,0,Not Graduate,Yes,2609,3449,165,180,0,Rural,N
50,LP001222,Female,No,0,Graduate,No,4166,0,116,360,0,Semiurban,N
51,LP001225,Male,Yes,0,Graduate,No,5726,4595,258,360,1,Semiurban,N
52,LP001228,Male,No,0,Not Graduate,No,3200,2254,126,180,0,Urban,N
53,LP001233,Male,Yes,1,Graduate,No,10750,0,312,360,1,Urban,Y
54,LP001241,Female,No,0,Graduate,No,4300,0,136,360,0,Semiurban,N
55,LP001243,Male,Yes,0,Graduate,No,3208,3066,172,360,1,Urban,Y
56,LP001245,Male,Yes,2,Not Graduate,Yes,1875,1875,97,360,1,Semiurban,Y
57,LP001248,Male,No,0,Graduate,No,3500,0,81,300,1,Semiurban,Y
58,LP001255,Male,No,0,Graduate,No,3750,0,113,480,1,Urban,N
59,LP001256,Male,No,0,Graduate,No,3750,4750,176,360,1,Urban,N
60,LP001259,Male,Yes,1,Graduate,Yes,1000,3022,110,360,1,Urban,N
61,LP001265,Female,No,0,Graduate,No,3846,0,111,360,1,Semiurban,Y
62,LP001267,Female,Yes,2,Graduate,No,1378,1881,167,360,1,Urban,N
63,LP001275,Male,Yes,1,Graduate,No,3988,0,50,240,1,Urban,Y
64,LP001279,Male,No,0,Graduate,No,2366,2531,136,360,1,Semiurban,Y
65,LP001282,Male,Yes,0,Graduate,No,2500,2118,104,360,1,Semiurban,Y
66,LP001289,Male,No,0,Graduate,No,8566,0,210,360,1,Urban,Y
67,LP001310,Male,Yes,0,Graduate,No,5695,4167,175,360,1,Semiurban,Y
68,LP001316,Male,Yes,0,Graduate,No,2958,2900,131,360,1,Semiurban,Y
69,LP001318,Male,Yes,2,Graduate,No,6250,5654,188,180,1,Semiurban,Y
70,LP001319,Male,Yes,2,Not Graduate,No,3273,1820,81,360,1,Urban,Y
71,LP001322,Male,No,0,Graduate,No,4133,0,122,360,1,Semiurban,Y
72,LP001325,Male,No,0,Not Graduate,No,3620,0,25,120,1,Semiurban,Y
73,LP001327,Female,Yes,0,Graduate,No,2484,2302,137,360,1,Semiurban,Y
74,LP001333,Male,Yes,0,Graduate,No,1977,997,50,360,1,Semiurban,Y
75,LP001334,Male,Yes,0,Not Graduate,No,4188,0,115,180,1,Semiurban,Y
76,LP001343,Male,Yes,0,Graduate,No,1759,3541,131,360,1,Semiurban,Y
77,LP001345,Male,Yes,2,Not Graduate,No,4288,3263,133,180,1,Urban,Y
78,LP001349,Male,No,0,Graduate,No,4843,3806,151,360,1,Semiurban,Y
79,LP001367,Male,Yes,1,Graduate,No,3052,1030,100,360,1,Urban,Y
80,LP001369,Male,Yes,2,Graduate,No,11417,1126,225,360,1,Urban,Y
81,LP001370,Male,No,0,Not Graduate,,7333,0,120,360,1,Rural,N
82,LP001379,Male,Yes,2,Graduate,No,3800,3600,216,360,0,Urban,N
83,LP001385,Male,No,0,Graduate,No,5316,0,136,360,1,Urban,Y
84,LP001387,Female,Yes,0,Graduate,,2929,2333,139,360,1,Semiurban,Y
85,LP001398,Male,No,0,Graduate,,5050,0,118,360,1,Semiurban,Y
86,LP001401,Male,Yes,1,Graduate,No,14583,0,185,180,1,Rural,Y
87,LP001404,Female,Yes,0,Graduate,No,3167,2283,154,360,1,Semiurban,Y
88,LP001421,Male,Yes,0,Graduate,No,5568,2142,175,360,1,Rural,N
89,LP001422,Female,No,0,Graduate,No,10408,0,259,360,1,Urban,Y
90,LP001430,Female,No,0,Graduate,No,4166,0,44,360,1,Semiurban,Y
91,LP001431,Female,No,0,Graduate,No,2137,8980,137,360,0,Semiurban,Y
92,LP001432,Male,Yes,2,Graduate,No,2957,0,81,360,1,Semiurban,Y
93,LP001439,Male,Yes,0,Not Graduate,No,4300,2014,194,360,1,Rural,Y
94,LP001451,Male,Yes,1,Graduate,Yes,10513,3850,160,180,0,Urban,N
95,LP001473,Male,No,0,Graduate,No,2014,1929,74,360,1,Urban,Y
96,LP001478,Male,No,0,Graduate,No,2718,0,70,360,1,Semiurban,Y
97,LP001482,Male,Yes,0,Graduate,Yes,3459,0,25,120,1,Semiurban,Y
98,LP001487,Male,No,0,Graduate,No,4895,0,102,360,1,Semiurban,Y
99,LP001489,Female,Yes,0,Graduate,No,4583,0,84,360,1,Rural,N
100,LP001491,Male,Yes,2,Graduate,Yes,3316,3500,88,360,1,Urban,Y
101,LP001492,Male,No,0,Graduate,No,14999,0,242,360,0,Semiurban,N
102,LP001493,Male,Yes,2,Not Graduate,No,4200,1430,129,360,1,Rural,N
103,LP001497,Male,Yes,2,Graduate,No,5042,2083,185,360,1,Rural,N
104,LP001498,Male,No,0,Graduate,No,5417,0,168,360,1,Urban,Y
105,LP001504,Male,No,0,Graduate,Yes,6950,0,175,180,1,Semiurban,Y
106,LP001507,Male,Yes,0,Graduate,No,2698,2034,122,360,1,Semiurban,Y
107,LP001508,Male,Yes,2,Graduate,No,11757,0,187,180,1,Urban,Y
108,LP001514,Female,Yes,0,Graduate,No,2330,4486,100,360,1,Semiurban,Y
109,LP001516,Female,Yes,2,Graduate,No,14866,0,70,360,1,Urban,Y
110,LP001518,Male,Yes,1,Graduate,No,1538,1425,30,360,1,Urban,Y
111,LP001519,Female,No,0,Graduate,No,10000,1666,225,360,1,Rural,N
112,LP001520,Male,Yes,0,Graduate,No,4860,830,125,360,1,Semiurban,Y
113,LP001528,Male,No,0,Graduate,No,6277,0,118,360,0,Rural,N
114,LP001529,Male,Yes,0,Graduate,Yes,2577,3750,152,360,1,Rural,Y
115,LP001531,Male,No,0,Graduate,No,9166,0,244,360,1,Urban,N
116,LP001532,Male,Yes,2,Not Graduate,No,2281,0,113,360,1,Rural,N
117,LP001535,Male,No,0,Graduate,No,3254,0,50,360,1,Urban,Y
118,LP001543,Male,Yes,1,Graduate,No,9538,0,187,360,1,Urban,Y
119,LP001546,Male,No,0,Graduate,,2980,2083,120,360,1,Rural,Y
120,LP001552,Male,Yes,0,Graduate,No,4583,5625,255,360,1,Semiurban,Y
121,LP001560,Male,Yes,0,Not Graduate,No,1863,1041,98,360,1,Semiurban,Y
122,LP001562,Male,Yes,0,Graduate,No,7933,0,275,360,1,Urban,N
123,LP001565,Male,Yes,1,Graduate,No,3089,1280,121,360,0,Semiurban,N
124,LP001570,Male,Yes,2,Graduate,No,4167,1447,158,360,1,Rural,Y
125,LP001572,Male,Yes,0,Graduate,No,9323,0,75,180,1,Urban,Y
126,LP001577,Female,Yes,0,Graduate,No,4583,0,112,360,1,Rural,N
127,LP001578,Male,Yes,0,Graduate,No,2439,3333,129,360,1,Rural,Y
128,LP001579,Male,No,0,Graduate,No,2237,0,63,480,0,Semiurban,N
129,LP001580,Male,Yes,2,Graduate,No,8000,0,200,360,1,Semiurban,Y
130,LP001581,Male,Yes,0,Not Graduate,,1820,1769,95,360,1,Rural,Y
131,LP001594,Male,Yes,0,Graduate,No,5708,5625,187,360,1,Semiurban,Y
132,LP001603,Male,Yes,0,Not Graduate,Yes,4344,736,87,360,1,Semiurban,N
133,LP001606,Male,Yes,0,Graduate,No,3497,1964,116,360,1,Rural,Y
134,LP001608,Male,Yes,2,Graduate,No,2045,1619,101,360,1,Rural,Y
135,LP001616,Male,Yes,1,Graduate,No,3750,0,116,360,1,Semiurban,Y
136,LP001630,Male,No,0,Not Graduate,No,2333,1451,102,480,0,Urban,N
137,LP001633,Male,Yes,1,Graduate,No,6400,7250,180,360,0,Urban,N
138,LP001636,Male,Yes,0,Graduate,No,4600,0,73,180,1,Semiurban,Y
139,LP001637,Male,Yes,1,Graduate,No,33846,0,260,360,1,Semiurban,N
140,LP001639,Female,Yes,0,Graduate,No,3625,0,108,360,1,Semiurban,Y
141,LP001640,Male,Yes,0,Graduate,Yes,39147,4750,120,360,1,Semiurban,Y
142,LP001641,Male,Yes,1,Graduate,Yes,2178,0,66,300,0,Rural,N
143,LP001644,Not define,Yes,0,Graduate,Yes,674,5296,168,360,1,Rural,Y
144,LP001647,Male,Yes,0,Graduate,No,9328,0,188,180,1,Rural,Y
145,LP001653,Male,No,0,Not Graduate,No,4885,0,48,360,1,Rural,Y
146,LP001656,Male,No,0,Graduate,No,12000,0,164,360,1,Semiurban,N
147,LP001657,Male,Yes,0,Not Graduate,No,6033,0,160,360,1,Urban,N
148,LP001658,Male,No,0,Graduate,No,3858,0,76,360,1,Semiurban,Y
149,LP001664,Male,No,0,Graduate,No,4191,0,120,360,1,Rural,Y
150,LP001665,Male,Yes,1,Graduate,No,3125,2583,170,360,1,Semiurban,N
151,LP001666,Male,No,0,Graduate,No,8333,3750,187,360,1,Rural,Y
152,LP001673,Male,No,0,Graduate,Yes,11000,0,83,360,1,Urban,N
153,LP001674,Male,Yes,1,Not Graduate,No,2600,2500,90,360,1,Semiurban,Y
154,LP001677,Male,No,2,Graduate,No,4923,0,166,360,0,Semiurban,Y
155,LP001688,Male,Yes,1,Not Graduate,No,3500,1083,135,360,1,Urban,Y
156,LP001691,Male,Yes,2,Not Graduate,No,3917,0,124,360,1,Semiurban,Y
157,LP001692,Female,No,0,Not Graduate,No,4408,0,120,360,1,Semiurban,Y
158,LP001693,Female,No,0,Graduate,No,3244,0,80,360,1,Urban,Y
159,LP001698,Male,No,0,Not Graduate,No,3975,2531,55,360,1,Rural,Y
160,LP001699,Male,No,0,Graduate,No,2479,0,59,360,1,Urban,Y
161,LP001702,Male,No,0,Graduate,No,3418,0,127,360,1,Semiurban,N
162,LP001708,Female,No,0,Graduate,No,10000,0,214,360,1,Semiurban,N
163,LP001713,Male,Yes,1,Graduate,Yes,7787,0,240,360,1,Urban,Y
164,LP001716,Male,Yes,0,Graduate,No,3173,3021,137,360,1,Urban,Y
165,LP001722,Male,Yes,0,Graduate,No,150,1800,135,360,1,Rural,N
166,LP001726,Male,Yes,0,Graduate,No,3727,1775,131,360,1,Semiurban,Y
167,LP001732,Male,Yes,2,Graduate,,5000,0,72,360,0,Semiurban,N
168,LP001736,Male,Yes,0,Graduate,No,2221,0,60,360,0,Urban,N
169,LP001743,Male,Yes,2,Graduate,No,4009,1717,116,360,1,Semiurban,Y
170,LP001744,Male,No,0,Graduate,No,2971,2791,144,360,1,Semiurban,Y
171,LP001750,Male,Yes,0,Graduate,No,6250,0,128,360,1,Semiurban,Y
172,LP001751,Male,Yes,0,Graduate,No,3250,0,170,360,1,Rural,N
173,LP001758,Male,Yes,2,Graduate,No,6250,1695,210,360,1,Semiurban,Y
174,LP001761,Male,No,0,Graduate,Yes,6400,0,200,360,1,Rural,Y
175,LP001765,Male,Yes,1,Graduate,No,2491,2054,104,360,1,Semiurban,Y
176,LP001768,Male,Yes,0,Graduate,,3716,0,42,180,1,Rural,Y
177,LP001776,Female,No,0,Graduate,No,8333,0,280,360,1,Semiurban,Y
178,LP001778,Male,Yes,1,Graduate,No,3155,1779,140,360,1,Semiurban,Y
179,LP001784,Male,Yes,1,Graduate,No,5500,1260,170,360,1,Rural,Y
180,LP001790,Female,No,1,Graduate,No,3812,0,112,360,1,Rural,Y
181,LP001792,Male,Yes,1,Graduate,No,3315,0,96,360,1,Semiurban,Y
182,LP001798,Male,Yes,2,Graduate,No,5819,5000,120,360,1,Rural,Y
183,LP001800,Male,Yes,1,Not Graduate,No,2510,1983,140,180,1,Urban,N
184,LP001806,Male,No,0,Graduate,No,2965,5701,155,60,1,Urban,Y
185,LP001807,Male,Yes,2,Graduate,Yes,6250,1300,108,360,1,Rural,Y
186,LP001811,Male,Yes,0,Not Graduate,No,3406,4417,123,360,1,Semiurban,Y
187,LP001813,Male,No,0,Graduate,Yes,6050,4333,120,180,1,Urban,N
188,LP001814,Male,Yes,2,Graduate,No,9703,0,112,360,1,Urban,Y
189,LP001819,Male,Yes,1,Not Graduate,No,6608,0,137,180,1,Urban,Y
190,LP001824,Male,Yes,1,Graduate,No,2882,1843,123,480,1,Semiurban,Y
191,LP001825,Male,Yes,0,Graduate,No,1809,1868,90,360,1,Urban,Y
192,LP001835,Male,Yes,0,Not Graduate,No,1668,3890,201,360,0,Semiurban,N
193,LP001836,Female,No,2,Graduate,No,3427,0,138,360,1,Urban,N
194,LP001841,Male,No,0,Not Graduate,Yes,2583,2167,104,360,1,Rural,Y
195,LP001843,Male,Yes,1,Not Graduate,No,2661,7101,279,180,1,Semiurban,Y
196,LP001844,Male,No,0,Graduate,Yes,16250,0,192,360,0,Urban,N
197,LP001849,Male,No,0,Not Graduate,No,6045,0,115,360,0,Rural,N
198,LP001859,Male,Yes,0,Graduate,No,14683,2100,304,360,1,Rural,N
199,LP001868,Male,No,0,Graduate,No,2060,2209,134,360,1,Semiurban,Y
200,LP001870,Female,No,1,Graduate,No,3481,0,155,36,1,Semiurban,N
201,LP001871,Female,No,0,Graduate,No,7200,0,120,360,1,Rural,Y
202,LP001872,Male,No,0,Graduate,Yes,5166,0,128,360,1,Semiurban,Y
203,LP001875,Male,No,0,Graduate,No,4095,3447,151,360,1,Rural,Y
204,LP001877,Male,Yes,2,Graduate,No,4708,1387,150,360,1,Semiurban,Y
205,LP001883,Female,No,0,Graduate,,3418,0,135,360,1,Rural,N
206,LP001884,Female,No,1,Graduate,No,2876,1560,90,360,1,Urban,Y
207,LP001888,Female,No,0,Graduate,No,3237,0,30,360,1,Urban,Y
208,LP001891,Male,Yes,0,Graduate,No,11146,0,136,360,1,Urban,Y
209,LP001892,Male,No,0,Graduate,No,2833,1857,126,360,1,Rural,Y
210,LP001894,Male,Yes,0,Graduate,No,2620,2223,150,360,1,Semiurban,Y
211,LP001896,Male,Yes,2,Graduate,No,3900,0,90,360,1,Semiurban,Y
212,LP001900,Male,Yes,1,Graduate,No,2750,1842,115,360,1,Semiurban,Y
213,LP001903,Male,Yes,0,Graduate,No,3993,3274,207,360,1,Semiurban,Y
214,LP001904,Male,Yes,0,Graduate,No,3103,1300,80,360,1,Urban,Y
215,LP001907,Male,Yes,0,Graduate,No,14583,0,436,360,1,Semiurban,Y
216,LP001910,Male,No,1,Not Graduate,Yes,4053,2426,158,360,0,Urban,N
217,LP001914,Male,Yes,0,Graduate,No,3927,800,112,360,1,Semiurban,Y
218,LP001915,Male,Yes,2,Graduate,No,2301,986,78,180,1,Urban,Y
219,LP001917,Female,No,0,Graduate,No,1811,1666,54,360,1,Urban,Y
220,LP001924,Male,No,0,Graduate,No,3158,3053,89,360,1,Rural,Y
221,LP001925,Female,No,0,Graduate,Yes,2600,1717,99,300,1,Semiurban,N
222,LP001926,Male,Yes,0,Graduate,No,3704,2000,120,360,1,Rural,Y
223,LP001931,Female,No,0,Graduate,No,4124,0,115,360,1,Semiurban,Y
224,LP001935,Male,No,0,Graduate,No,9508,0,187,360,1,Rural,Y
225,LP001936,Male,Yes,0,Graduate,No,3075,2416,139,360,1,Rural,Y
226,LP001938,Male,Yes,2,Graduate,No,4400,0,127,360,0,Semiurban,N
227,LP001940,Male,Yes,2,Graduate,No,3153,1560,134,360,1,Urban,Y
228,LP001947,Male,Yes,0,Graduate,No,2383,3334,172,360,1,Semiurban,Y
229,LP001953,Male,Yes,1,Graduate,No,6875,0,200,360,1,Semiurban,Y
230,LP001954,Female,Yes,1,Graduate,No,4666,0,135,360,1,Urban,Y
231,LP001955,Female,No,0,Graduate,No,5000,2541,151,480,1,Rural,N
232,LP001963,Male,Yes,1,Graduate,No,2014,2925,113,360,1,Urban,N
233,LP001964,Male,Yes,0,Not Graduate,No,1800,2934,93,360,0,Urban,N
234,LP001974,Female,No,0,Graduate,No,5000,0,132,360,1,Rural,Y
235,LP001977,Male,Yes,1,Graduate,No,1625,1803,96,360,1,Urban,Y
236,LP001978,Male,No,0,Graduate,No,4000,2500,140,360,1,Rural,Y
237,LP001993,Female,No,0,Graduate,No,3762,1666,135,360,1,Rural,Y
238,LP001994,Female,No,0,Graduate,No,2400,1863,104,360,0,Urban,N
239,LP001996,Male,No,0,Graduate,No,20233,0,480,360,1,Rural,N
240,LP002002,Female,No,0,Graduate,No,2917,0,84,360,1,Semiurban,Y
241,LP002004,Male,No,0,Not Graduate,No,2927,2405,111,360,1,Semiurban,Y
242,LP002006,Female,No,0,Graduate,No,2507,0,56,360,1,Rural,Y
243,LP002024,Not define,Yes,0,Graduate,No,2473,1843,159,360,1,Rural,N
244,LP002031,Male,Yes,1,Not Graduate,No,3399,1640,111,180,1,Urban,Y
245,LP002035,Male,Yes,2,Graduate,No,3717,0,120,360,1,Semiurban,Y
246,LP002050,Male,Yes,1,Graduate,Yes,10000,0,155,360,1,Rural,N
247,LP002051,Male,Yes,0,Graduate,No,2400,2167,115,360,1,Semiurban,Y
248,LP002067,Male,Yes,1,Graduate,Yes,8666,4983,376,360,0,Rural,N
249,LP002068,Male,No,0,Graduate,No,4917,0,130,360,0,Rural,Y
250,LP002082,Male,Yes,0,Graduate,Yes,5818,2160,184,360,1,Semiurban,Y
251,LP002086,Female,Yes,0,Graduate,No,4333,2451,110,360,1,Urban,N
252,LP002087,Female,No,0,Graduate,No,2500,0,67,360,1,Urban,Y
253,LP002097,Male,No,1,Graduate,No,4384,1793,117,360,1,Urban,Y
254,LP002098,Male,No,0,Graduate,No,2935,0,98,360,1,Semiurban,Y
255,LP002101,Male,Yes,0,Graduate,,63337,0,490,180,1,Urban,Y
256,LP002103,Not define,Yes,1,Graduate,Yes,9833,1833,182,180,1,Urban,Y
257,LP002110,Male,Yes,1,Graduate,,5250,688,160,360,1,Rural,Y
258,LP002112,Male,Yes,2,Graduate,Yes,2500,4600,176,360,1,Rural,Y
259,LP002114,Female,No,0,Graduate,No,4160,0,71,360,1,Semiurban,Y
260,LP002116,Female,No,0,Graduate,No,2378,0,46,360,1,Rural,N
261,LP002119,Male,Yes,1,Not Graduate,No,4554,1229,158,360,1,Urban,Y
262,LP002128,Male,Yes,2,Graduate,,2583,2330,125,360,1,Rural,Y
263,LP002129,Male,Yes,0,Graduate,No,2499,2458,160,360,1,Semiurban,Y
264,LP002131,Male,Yes,2,Not Graduate,No,3083,2168,126,360,1,Urban,Y
265,LP002138,Male,Yes,0,Graduate,No,2625,6250,187,360,1,Rural,Y
266,LP002139,Male,Yes,0,Graduate,No,9083,0,228,360,1,Semiurban,Y
267,LP002140,Male,No,0,Graduate,No,8750,4167,308,360,1,Rural,N
268,LP002142,Female,Yes,0,Graduate,Yes,5500,0,105,360,0,Rural,N
269,LP002143,Female,Yes,0,Graduate,No,2423,505,130,360,1,Semiurban,Y
270,LP002149,Male,Yes,2,Graduate,No,8333,3167,165,360,1,Rural,Y
271,LP002151,Male,Yes,1,Graduate,No,3875,0,67,360,1,Urban,N
272,LP002158,Male,Yes,0,Not Graduate,No,3000,1666,100,480,0,Urban,N
273,LP002161,Female,No,1,Graduate,No,4723,0,81,360,1,Semiurban,N
274,LP002170,Male,Yes,2,Graduate,No,5000,3667,236,360,1,Semiurban,Y
275,LP002175,Male,Yes,0,Graduate,No,4750,2333,130,360,1,Urban,Y
276,LP002180,Male,No,0,Graduate,Yes,6822,0,141,360,1,Rural,Y
277,LP002181,Male,No,0,Not Graduate,No,6216,0,133,360,1,Rural,N
278,LP002187,Male,No,0,Graduate,No,2500,0,96,480,1,Semiurban,N
279,LP002190,Male,Yes,1,Graduate,No,6325,0,175,360,1,Semiurban,Y
280,LP002191,Male,Yes,0,Graduate,No,19730,5266,570,360,1,Rural,N
281,LP002194,Female,No,0,Graduate,Yes,15759,0,55,360,1,Semiurban,Y
282,LP002197,Male,Yes,2,Graduate,No,5185,0,155,360,1,Semiurban,Y
283,LP002201,Male,Yes,2,Graduate,Yes,9323,7873,380,300,1,Rural,Y
284,LP002205,Male,No,1,Graduate,No,3062,1987,111,180,0,Urban,N
285,LP002209,Female,No,0,Graduate,,2764,1459,110,360,1,Urban,Y
286,LP002211,Male,Yes,0,Graduate,No,4817,923,120,180,1,Urban,Y
287,LP002224,Male,No,0,Graduate,No,3069,0,71,480,1,Urban,N
288,LP002225,Male,Yes,2,Graduate,No,5391,0,130,360,1,Urban,Y
289,LP002226,Male,Yes,0,Graduate,,3333,2500,128,360,1,Semiurban,Y
290,LP002229,Male,No,0,Graduate,No,5941,4232,296,360,1,Semiurban,Y
291,LP002231,Female,No,0,Graduate,No,6000,0,156,360,1,Urban,Y
292,LP002234,Male,No,0,Graduate,Yes,7167,0,128,360,1,Urban,Y
293,LP002236,Male,Yes,2,Graduate,No,4566,0,100,360,1,Urban,N
294,LP002237,Male,No,1,Graduate,,3667,0,113,180,1,Urban,Y
295,LP002239,Male,No,0,Not Graduate,No,2346,1600,132,360,1,Semiurban,Y
296,LP002244,Male,Yes,0,Graduate,No,2333,2417,136,360,1,Urban,Y
297,LP002250,Male,Yes,0,Graduate,No,5488,0,125,360,1,Rural,Y
298,LP002265,Male,Yes,2,Not Graduate,No,1993,1625,113,180,1,Semiurban,Y
299,LP002266,Male,Yes,2,Graduate,No,3100,1400,113,360,1,Urban,Y
300,LP002277,Female,No,0,Graduate,No,3180,0,71,360,0,Urban,N
301,LP002281,Male,Yes,0,Graduate,No,3033,1459,95,360,1,Urban,Y
302,LP002284,Male,No,0,Not Graduate,No,3902,1666,109,360,1,Rural,Y
303,LP002287,Female,No,0,Graduate,No,1500,1800,103,360,0,Semiurban,N
304,LP002288,Male,Yes,2,Not Graduate,No,2889,0,45,180,0,Urban,N
305,LP002296,Male,No,0,Not Graduate,No,2755,0,65,300,1,Rural,N
306,LP002297,Male,No,0,Graduate,No,2500,20000,103,360,1,Semiurban,Y
307,LP002300,Female,No,0,Not Graduate,No,1963,0,53,360,1,Semiurban,Y
308,LP002301,Female,No,0,Graduate,Yes,7441,0,194,360,1,Rural,N
309,LP002305,Female,No,0,Graduate,No,4547,0,115,360,1,Semiurban,Y
310,LP002308,Male,Yes,0,Not Graduate,No,2167,2400,115,360,1,Urban,Y
311,LP002314,Female,No,0,Not Graduate,No,2213,0,66,360,1,Rural,Y
312,LP002315,Male,Yes,1,Graduate,No,8300,0,152,300,0,Semiurban,N
313,LP002318,Female,No,1,Not Graduate,Yes,3867,0,62,360,1,Semiurban,N
314,LP002328,Male,Yes,0,Not Graduate,No,6096,0,218,360,0,Rural,N
315,LP002332,Male,Yes,0,Not Graduate,No,2253,2033,110,360,1,Rural,Y
316,LP002335,Female,Yes,0,Not Graduate,No,2149,3237,178,360,0,Semiurban,N
317,LP002337,Female,No,0,Graduate,No,2995,0,60,360,1,Urban,Y
318,LP002341,Female,No,1,Graduate,No,2600,0,160,360,1,Urban,N
319,LP002342,Male,Yes,2,Graduate,Yes,1600,20000,239,360,1,Urban,N
320,LP002345,Male,Yes,0,Graduate,No,1025,2773,112,360,1,Rural,Y
321,LP002347,Male,Yes,0,Graduate,No,3246,1417,138,360,1,Semiurban,Y
322,LP002348,Male,Yes,0,Graduate,No,5829,0,138,360,1,Rural,Y
323,LP002361,Male,Yes,0,Graduate,No,1820,1719,100,360,1,Urban,Y
324,LP002364,Male,Yes,0,Graduate,No,14880,0,96,360,1,Semiurban,Y
325,LP002366,Male,Yes,0,Graduate,No,2666,4300,121,360,1,Rural,Y
326,LP002367,Female,No,1,Not Graduate,No,4606,0,81,360,1,Rural,N
327,LP002368,Male,Yes,2,Graduate,No,5935,0,133,360,1,Semiurban,Y
328,LP002369,Male,Yes,0,Graduate,No,2920,16,87,360,1,Rural,Y
329,LP002370,Male,No,0,Not Graduate,No,2717,0,60,180,1,Urban,Y
330,LP002377,Female,No,1,Graduate,Yes,8624,0,150,360,1,Semiurban,Y
331,LP002379,Male,No,0,Graduate,No,6500,0,105,360,0,Rural,N
332,LP002386,Male,No,0,Graduate,,12876,0,405,360,1,Semiurban,Y
333,LP002387,Male,Yes,0,Graduate,No,2425,2340,143,360,1,Semiurban,Y
334,LP002390,Male,No,0,Graduate,No,3750,0,100,360,1,Urban,Y
335,LP002398,Male,No,0,Graduate,No,1926,1851,50,360,1,Semiurban,Y
336,LP002403,Male,No,0,Graduate,Yes,10416,0,187,360,0,Urban,N
337,LP002407,Female,Yes,0,Not Graduate,Yes,7142,0,138,360,1,Rural,Y
338,LP002408,Male,No,0,Graduate,No,3660,5064,187,360,1,Semiurban,Y
339,LP002409,Male,Yes,0,Graduate,No,7901,1833,180,360,1,Rural,Y
340,LP002422,Male,No,1,Graduate,No,37719,0,152,360,1,Semiurban,Y
341,LP002429,Male,Yes,1,Graduate,Yes,3466,1210,130,360,1,Rural,Y
342,LP002434,Male,Yes,2,Not Graduate,No,4652,0,110,360,1,Rural,Y
343,LP002435,Male,Yes,0,Graduate,,3539,1376,55,360,1,Rural,N
344,LP002443,Male,Yes,2,Graduate,No,3340,1710,150,360,0,Rural,N
345,LP002446,Male,Yes,2,Not Graduate,No,2309,1255,125,360,0,Rural,N
346,LP002448,Male,Yes,0,Graduate,No,3948,1733,149,360,0,Rural,N
347,LP002449,Male,Yes,0,Graduate,No,2483,2466,90,180,0,Rural,Y
348,LP002453,Male,No,0,Graduate,Yes,7085,0,84,360,1,Semiurban,Y
349,LP002455,Male,Yes,2,Graduate,No,3859,0,96,360,1,Semiurban,Y
350,LP002459,Male,Yes,0,Graduate,No,4301,0,118,360,1,Urban,Y
351,LP002467,Male,Yes,0,Graduate,No,3708,2569,173,360,1,Urban,N
352,LP002472,Male,No,2,Graduate,No,4354,0,136,360,1,Rural,Y
353,LP002473,Male,Yes,0,Graduate,No,8334,0,160,360,1,Semiurban,N
354,LP002487,Male,Yes,0,Graduate,No,3015,2188,153,360,1,Rural,Y
355,LP002489,Female,No,1,Not Graduate,,5191,0,132,360,1,Semiurban,Y
356,LP002493,Male,No,0,Graduate,No,4166,0,98,360,0,Semiurban,N
357,LP002494,Male,No,0,Graduate,No,6000,0,140,360,1,Rural,Y
358,LP002501,Not define,Yes,0,Graduate,No,16692,0,110,360,1,Semiurban,Y
359,LP002502,Female,Yes,2,Not Graduate,,210,2917,98,360,1,Semiurban,Y
360,LP002505,Male,Yes,0,Graduate,No,4333,2451,110,360,1,Urban,N
361,LP002515,Male,Yes,1,Graduate,Yes,3450,2079,162,360,1,Semiurban,Y
362,LP002517,Male,Yes,1,Not Graduate,No,2653,1500,113,180,0,Rural,N
363,LP002524,Male,No,2,Graduate,No,5532,4648,162,360,1,Rural,Y
364,LP002527,Male,Yes,2,Graduate,Yes,16525,1014,150,360,1,Rural,Y
365,LP002529,Male,Yes,2,Graduate,No,6700,1750,230,300,1,Semiurban,Y
366,LP002530,Not define,Yes,2,Graduate,No,2873,1872,132,360,0,Semiurban,N
367,LP002531,Male,Yes,1,Graduate,Yes,16667,2250,86,360,1,Semiurban,Y
368,LP002534,Female,No,0,Not Graduate,No,4350,0,154,360,1,Rural,Y
369,LP002537,Male,Yes,0,Graduate,No,2083,3150,128,360,1,Semiurban,Y
370,LP002541,Male,Yes,0,Graduate,No,10833,0,234,360,1,Semiurban,Y
371,LP002543,Male,Yes,2,Graduate,No,8333,0,246,360,1,Semiurban,Y
372,LP002544,Male,Yes,1,Not Graduate,No,1958,2436,131,360,1,Rural,Y
373,LP002545,Male,No,2,Graduate,No,3547,0,80,360,0,Rural,N
374,LP002547,Male,Yes,1,Graduate,No,18333,0,500,360,1,Urban,N
375,LP002555,Male,Yes,2,Graduate,Yes,4583,2083,160,360,1,Semiurban,Y
376,LP002556,Male,No,0,Graduate,No,2435,0,75,360,1,Urban,N
377,LP002571,Male,No,0,Not Graduate,No,3691,0,110,360,1,Rural,Y
378,LP002582,Female,No,0,Not Graduate,Yes,17263,0,225,360,1,Semiurban,Y
379,LP002585,Male,Yes,0,Graduate,No,3597,2157,119,360,0,Rural,N
380,LP002586,Female,Yes,1,Graduate,No,3326,913,105,84,1,Semiurban,Y
381,LP002587,Male,Yes,0,Not Graduate,No,2600,1700,107,360,1,Rural,Y
382,LP002600,Male,Yes,1,Graduate,Yes,2895,0,95,360,1,Semiurban,Y
383,LP002602,Male,No,0,Graduate,No,6283,4416,209,360,0,Rural,N
384,LP002603,Female,No,0,Graduate,No,645,3683,113,480,1,Rural,Y
385,LP002606,Female,No,0,Graduate,No,3159,0,100,360,1,Semiurban,Y
386,LP002615,Male,Yes,2,Graduate,No,4865,5624,208,360,1,Semiurban,Y
387,LP002619,Male,Yes,0,Not Graduate,No,3814,1483,124,300,1,Semiurban,Y
388,LP002622,Male,Yes,2,Graduate,No,3510,4416,243,360,1,Rural,Y
389,LP002625,Not define,No,0,Graduate,No,3583,0,96,360,1,Urban,N
390,LP002626,Male,Yes,0,Graduate,Yes,2479,3013,188,360,1,Urban,Y
391,LP002634,Female,No,1,Graduate,No,13262,0,40,360,1,Urban,Y
392,LP002637,Male,No,0,Not Graduate,No,3598,1287,100,360,1,Rural,N
393,LP002640,Male,Yes,1,Graduate,No,6065,2004,250,360,1,Semiurban,Y
394,LP002643,Male,Yes,2,Graduate,No,3283,2035,148,360,1,Urban,Y
395,LP002648,Male,Yes,0,Graduate,No,2130,6666,70,180,1,Semiurban,N
396,LP002652,Male,No,0,Graduate,No,5815,3666,311,360,1,Rural,N
397,LP002670,Female,Yes,2,Graduate,No,2031,1632,113,480,1,Semiurban,Y
398,LP002683,Male,No,0,Graduate,No,4683,1915,185,360,1,Semiurban,N
399,LP002684,Female,No,0,Not Graduate,No,3400,0,95,360,1,Rural,N
400,LP002689,Male,Yes,2,Not Graduate,No,2192,1742,45,360,1,Semiurban,Y
401,LP002690,Male,No,0,Graduate,No,2500,0,55,360,1,Semiurban,Y
402,LP002693,Male,Yes,2,Graduate,Yes,7948,7166,480,360,1,Rural,Y
403,LP002699,Male,Yes,2,Graduate,Yes,17500,0,400,360,1,Rural,Y
404,LP002705,Male,Yes,0,Graduate,No,3775,0,110,360,1,Semiurban,Y
405,LP002706,Male,Yes,1,Not Graduate,No,5285,1430,161,360,0,Semiurban,Y
406,LP002714,Male,No,1,Not Graduate,No,2679,1302,94,360,1,Semiurban,Y
407,LP002716,Male,No,0,Not Graduate,No,6783,0,130,360,1,Semiurban,Y
408,LP002723,Male,No,2,Graduate,No,3588,0,110,360,0,Rural,N
409,LP002731,Female,No,0,Not Graduate,Yes,18165,0,125,360,1,Urban,Y
410,LP002732,Male,No,0,Not Graduate,,2550,2042,126,360,1,Rural,Y
411,LP002734,Male,Yes,0,Graduate,No,6133,3906,324,360,1,Urban,Y
412,LP002738,Male,No,2,Graduate,No,3617,0,107,360,1,Semiurban,Y
413,LP002739,Male,Yes,0,Not Graduate,No,2917,536,66,360,1,Rural,N
414,LP002741,Female,Yes,1,Graduate,No,4608,2845,140,180,1,Semiurban,Y
415,LP002743,Female,No,0,Graduate,No,2138,0,99,360,0,Semiurban,N
416,LP002753,Female,No,1,Graduate,,3652,0,95,360,1,Semiurban,Y
417,LP002755,Male,Yes,1,Not Graduate,No,2239,2524,128,360,1,Urban,Y
418,LP002767,Male,Yes,0,Graduate,No,2768,1950,155,360,1,Rural,Y
419,LP002768,Male,No,0,Not Graduate,No,3358,0,80,36,1,Semiurban,N
420,LP002772,Male,No,0,Graduate,No,2526,1783,145,360,1,Rural,Y
421,LP002776,Female,No,0,Graduate,No,5000,0,103,360,0,Semiurban,N
422,LP002777,Male,Yes,0,Graduate,No,2785,2016,110,360,1,Rural,Y
423,LP002785,Male,Yes,1,Graduate,No,3333,3250,158,360,1,Urban,Y
424,LP002788,Male,Yes,0,Not Graduate,No,2454,2333,181,360,0,Urban,N
425,LP002789,Male,Yes,0,Graduate,No,3593,4266,132,180,0,Rural,N
426,LP002792,Male,Yes,1,Graduate,No,5468,1032,26,360,1,Semiurban,Y
427,LP002798,Male,Yes,0,Graduate,No,3887,2669,162,360,1,Semiurban,Y
428,LP002804,Female,Yes,0,Graduate,No,4180,2306,182,360,1,Semiurban,Y
429,LP002807,Male,Yes,2,Not Graduate,No,3675,242,108,360,1,Semiurban,Y
430,LP002813,Female,Yes,1,Graduate,Yes,19484,0,600,360,1,Semiurban,Y
431,LP002820,Male,Yes,0,Graduate,No,5923,2054,211,360,1,Rural,Y
432,LP002821,Male,No,0,Not Graduate,Yes,5800,0,132,360,1,Semiurban,Y
433,LP002832,Male,Yes,2,Graduate,No,8799,0,258,360,0,Urban,N
434,LP002836,Male,No,0,Graduate,No,3333,0,70,360,1,Urban,Y
435,LP002840,Female,No,0,Graduate,No,2378,0,9,360,1,Urban,N
436,LP002841,Male,Yes,0,Graduate,No,3166,2064,104,360,0,Urban,N
437,LP002842,Male,Yes,1,Graduate,No,3417,1750,186,360,1,Urban,Y
438,LP002855,Male,Yes,2,Graduate,No,16666,0,275,360,1,Urban,Y
439,LP002862,Male,Yes,2,Not Graduate,No,6125,1625,187,480,1,Semiurban,N
440,LP002868,Male,Yes,2,Graduate,No,3159,461,108,84,1,Urban,Y
441,LP002872,Not define,Yes,0,Graduate,No,3087,2210,136,360,0,Semiurban,N
442,LP002874,Male,No,0,Graduate,No,3229,2739,110,360,1,Urban,Y
443,LP002877,Male,Yes,1,Graduate,No,1782,2232,107,360,1,Rural,Y
444,LP002888,Male,No,0,Graduate,,3182,2917,161,360,1,Urban,Y
445,LP002892,Male,Yes,2,Graduate,No,6540,0,205,360,1,Semiurban,Y
446,LP002893,Male,No,0,Graduate,No,1836,33837,90,360,1,Urban,N
447,LP002894,Female,Yes,0,Graduate,No,3166,0,36,360,1,Semiurban,Y
448,LP002911,Male,Yes,1,Graduate,No,2787,1917,146,360,0,Rural,N
449,LP002912,Male,Yes,1,Graduate,No,4283,3000,172,84,1,Rural,N
450,LP002916,Male,Yes,0,Graduate,No,2297,1522,104,360,1,Urban,Y
451,LP002917,Female,No,0,Not Graduate,No,2165,0,70,360,1,Semiurban,Y
452,LP002925,Not define,No,0,Graduate,No,4750,0,94,360,1,Semiurban,Y
453,LP002926,Male,Yes,2,Graduate,Yes,2726,0,106,360,0,Semiurban,N
454,LP002928,Male,Yes,0,Graduate,No,3000,3416,56,180,1,Semiurban,Y
455,LP002931,Male,Yes,2,Graduate,Yes,6000,0,205,240,1,Semiurban,N
456,LP002936,Male,Yes,0,Graduate,No,3859,3300,142,180,1,Rural,Y
457,LP002938,Male,Yes,0,Graduate,Yes,16120,0,260,360,1,Urban,Y
458,LP002940,Male,No,0,Not Graduate,No,3833,0,110,360,1,Rural,Y
459,LP002941,Male,Yes,2,Not Graduate,Yes,6383,1000,187,360,1,Rural,N
460,LP002945,Male,Yes,0,Graduate,Yes,9963,0,180,360,1,Rural,Y
461,LP002948,Male,Yes,2,Graduate,No,5780,0,192,360,1,Urban,Y
462,LP002950,Male,Yes,0,Not Graduate,,2894,2792,155,360,1,Rural,Y
463,LP002958,Male,No,0,Graduate,No,3676,4301,172,360,1,Rural,Y
464,LP002959,Female,Yes,1,Graduate,No,12000,0,496,360,1,Semiurban,Y
465,LP002961,Male,Yes,1,Graduate,No,3400,2500,173,360,1,Semiurban,Y
466,LP002964,Male,Yes,2,Not Graduate,No,3987,1411,157,360,1,Rural,Y
467,LP002974,Male,Yes,0,Graduate,No,3232,1950,108,360,1,Rural,Y
468,LP002978,Female,No,0,Graduate,No,2900,0,71,360,1,Rural,Y
469,LP002983,Male,Yes,1,Graduate,No,8072,240,253,360,1,Urban,Y
470,LP002984,Male,Yes,2,Graduate,No,7583,0,187,360,1,Urban,Y
471,LP002990,Female,No,0,Graduate,Yes,4583,0,133,360,0,Semiurban,N
